{
  "model_name": "qwen/qwen3-235b-a22b:free",
  "total_runs": 30,
  "successful_runs": 30,
  "failed_runs": 0,
  "success_rate": 100.0,
  "system_info": {
    "cpu_count": 8,
    "cpu_freq": 3504,
    "total_memory_gb": 16.0,
    "gpu_info": [],
    "python_version": "3.11.9 (v3.11.9:de54cf5be3, Apr  2 2024, 07:12:50) [Clang 13.0.0 (clang-1300.0.29.30)]",
    "benchmark_timestamp": "2025-09-27T15:04:59.836728"
  },
  "performance_metrics": {
    "response_time": {
      "mean": 10.712796584765117,
      "median": 10.970676183700562,
      "std": 3.6485008973108894,
      "min": 5.890319108963013,
      "max": 21.21628999710083,
      "p95": 15.608349871635435,
      "p99": 19.71307180166245
    },
    "tokens_per_second": {
      "mean": 38.414826190553136,
      "median": 30.548368046140627,
      "std": 13.143358562147352,
      "min": 23.576698743897605,
      "max": 63.47529355508458
    },
    "inference_speed": {
      "mean": 38.478167273046424,
      "median": 30.584428498409892,
      "std": 13.18336560135525,
      "min": 23.5970108201908,
      "max": 63.579317150447025
    },
    "memory_usage_mb": {
      "mean": 56.782291666666666,
      "median": 56.0234375,
      "std": 1.7155285902919821,
      "min": 54.46875,
      "max": 59.5
    },
    "cpu_usage_percent": {
      "mean": 0.0,
      "median": 0.0,
      "std": 0.0,
      "min": 0.0,
      "max": 0.0
    }
  },
  "quality_metrics": {
    "quality_score": {
      "mean": 0.6383333333333334,
      "median": 0.675,
      "std": 0.12365366911279858,
      "min": 0.39999999999999997,
      "max": 0.9
    },
    "response_length": {
      "mean": 1204.2666666666667,
      "median": 1487.0,
      "std": 627.9149367677854,
      "min": 373,
      "max": 2519
    }
  },
  "variability_metrics": {
    "overall_response_time_std": 3.6485008973108894,
    "overall_quality_score_std": 0.12365366911279858,
    "prompt_variability": {
      "I want to do yoga, what should I wear? ": {
        "response_time_std": 3.6061036011778707,
        "quality_score_std": 0.17320508075688779,
        "runs_count": 3
      },
      "Restaurant this weekend, attractive for $50": {
        "response_time_std": 4.726155045477887,
        "quality_score_std": 0.10000000000000003,
        "runs_count": 3
      },
      "I am fat, I want something to look slim": {
        "response_time_std": 7.803666574865406,
        "quality_score_std": 0.12583057392117916,
        "runs_count": 3
      },
      "Business meeting outfit for office": {
        "response_time_std": 1.3394642638685728,
        "quality_score_std": 0.0,
        "runs_count": 3
      },
      "Beach vacation clothes for hot weather": {
        "response_time_std": 3.7551112498762884,
        "quality_score_std": 0.09999999999999998,
        "runs_count": 3
      },
      "First date outfit ideas": {
        "response_time_std": 0.8576870481568183,
        "quality_score_std": 0.04999999999999999,
        "runs_count": 3
      },
      "Gym workout clothes recommendation": {
        "response_time_std": 2.8393427311678234,
        "quality_score_std": 0.1040832999733066,
        "runs_count": 3
      },
      "Winter formal dress suggestions": {
        "response_time_std": 3.9619890739950208,
        "quality_score_std": 0.10408329997330669,
        "runs_count": 3
      },
      "Casual Friday office attire": {
        "response_time_std": 3.4788538749244577,
        "quality_score_std": 0.15275252316519472,
        "runs_count": 3
      },
      "Hiking trip clothing advice": {
        "response_time_std": 2.6935954588115925,
        "quality_score_std": 0.04999999999999999,
        "runs_count": 3
      }
    }
  },
  "prompt_analysis": {
    "I want to do yoga, what should I wear? ": {
      "avg_response_time": 10.050760428110758,
      "avg_quality_score": 0.6000000000000001,
      "response_time_std": 3.6061036011778707,
      "quality_score_std": 0.17320508075688779,
      "total_runs": 3
    },
    "Restaurant this weekend, attractive for $50": {
      "avg_response_time": 10.612073342005411,
      "avg_quality_score": 0.5,
      "response_time_std": 4.726155045477887,
      "quality_score_std": 0.10000000000000003,
      "total_runs": 3
    },
    "I am fat, I want something to look slim": {
      "avg_response_time": 12.578606605529785,
      "avg_quality_score": 0.6666666666666667,
      "response_time_std": 7.803666574865406,
      "quality_score_std": 0.12583057392117916,
      "total_runs": 3
    },
    "Business meeting outfit for office": {
      "avg_response_time": 13.455410718917847,
      "avg_quality_score": 0.7000000000000001,
      "response_time_std": 1.3394642638685728,
      "quality_score_std": 0.0,
      "total_runs": 3
    },
    "Beach vacation clothes for hot weather": {
      "avg_response_time": 10.710187037785849,
      "avg_quality_score": 0.7000000000000001,
      "response_time_std": 3.7551112498762884,
      "quality_score_std": 0.09999999999999998,
      "total_runs": 3
    },
    "First date outfit ideas": {
      "avg_response_time": 10.77785070737203,
      "avg_quality_score": 0.65,
      "response_time_std": 0.8576870481568183,
      "quality_score_std": 0.04999999999999999,
      "total_runs": 3
    },
    "Gym workout clothes recommendation": {
      "avg_response_time": 8.035718043645224,
      "avg_quality_score": 0.7833333333333334,
      "response_time_std": 2.8393427311678234,
      "quality_score_std": 0.1040832999733066,
      "total_runs": 3
    },
    "Winter formal dress suggestions": {
      "avg_response_time": 8.377341985702515,
      "avg_quality_score": 0.6166666666666667,
      "response_time_std": 3.9619890739950208,
      "quality_score_std": 0.10408329997330669,
      "total_runs": 3
    },
    "Casual Friday office attire": {
      "avg_response_time": 11.240074634552002,
      "avg_quality_score": 0.6666666666666667,
      "response_time_std": 3.4788538749244577,
      "quality_score_std": 0.15275252316519472,
      "total_runs": 3
    },
    "Hiking trip clothing advice": {
      "avg_response_time": 11.289942344029745,
      "avg_quality_score": 0.49999999999999994,
      "response_time_std": 2.6935954588115925,
      "quality_score_std": 0.04999999999999999,
      "total_runs": 3
    }
  },
  "error_analysis": {
    "total_errors": 0,
    "error_types": {}
  }
}