{
  "model_name": "x-ai/grok-4-fast:free",
  "total_runs": 30,
  "successful_runs": 30,
  "failed_runs": 0,
  "success_rate": 100.0,
  "system_info": {
    "cpu_count": 8,
    "cpu_freq": 3504,
    "total_memory_gb": 16.0,
    "gpu_info": [],
    "python_version": "3.11.9 (v3.11.9:de54cf5be3, Apr  2 2024, 07:12:50) [Clang 13.0.0 (clang-1300.0.29.30)]",
    "benchmark_timestamp": "2025-09-27T14:26:48.586244"
  },
  "performance_metrics": {
    "response_time": {
      "mean": 7.00038727124532,
      "median": 3.518774390220642,
      "std": 18.25223564616041,
      "min": 2.206810712814331,
      "max": 103.4973361492157,
      "p95": 6.006030690670013,
      "p99": 75.26750130891809
    },
    "tokens_per_second": {
      "mean": 80.51433626576573,
      "median": 83.10944024370366,
      "std": 26.218716453043914,
      "min": 2.4445073604140024,
      "max": 128.4287503009732
    },
    "inference_speed": {
      "mean": 80.85654858268767,
      "median": 83.74312823259528,
      "std": 26.375171098614466,
      "min": 2.444807766447751,
      "max": 129.1089925506625
    },
    "memory_usage_mb": {
      "mean": 69.603125,
      "median": 70.796875,
      "std": 3.835193926368731,
      "min": 57.59375,
      "max": 73.4453125
    },
    "cpu_usage_percent": {
      "mean": 0.0,
      "median": 0.0,
      "std": 0.0,
      "min": 0.0,
      "max": 0.0
    }
  },
  "quality_metrics": {
    "quality_score": {
      "mean": 0.7516666666666668,
      "median": 0.7000000000000002,
      "std": 0.10041580220928044,
      "min": 0.55,
      "max": 0.8500000000000001
    },
    "response_length": {
      "mean": 445.4,
      "median": 448.5,
      "std": 74.35404587465993,
      "min": 328,
      "max": 651
    }
  },
  "variability_metrics": {
    "overall_response_time_std": 18.25223564616041,
    "overall_quality_score_std": 0.10041580220928044,
    "prompt_variability": {
      "I want to do yoga, what should I wear? ": {
        "response_time_std": 0.13643296719305792,
        "quality_score_std": 0.0,
        "runs_count": 3
      },
      "Restaurant this weekend, attractive for $50": {
        "response_time_std": 1.126153001303338,
        "quality_score_std": 0.1040832999733066,
        "runs_count": 3
      },
      "I am fat, I want something to look slim": {
        "response_time_std": 0.4696814439325169,
        "quality_score_std": 0.0,
        "runs_count": 3
      },
      "Business meeting outfit for office": {
        "response_time_std": 1.23366420585514,
        "quality_score_std": 0.08660254037844381,
        "runs_count": 3
      },
      "Beach vacation clothes for hot weather": {
        "response_time_std": 0.35827906689586886,
        "quality_score_std": 0.08660254037844395,
        "runs_count": 3
      },
      "First date outfit ideas": {
        "response_time_std": 57.60392869641806,
        "quality_score_std": 0.08660254037844381,
        "runs_count": 3
      },
      "Gym workout clothes recommendation": {
        "response_time_std": 1.1613365213991287,
        "quality_score_std": 0.12583057392117922,
        "runs_count": 3
      },
      "Winter formal dress suggestions": {
        "response_time_std": 0.35908654652033783,
        "quality_score_std": 0.08660254037844381,
        "runs_count": 3
      },
      "Casual Friday office attire": {
        "response_time_std": 0.8136067825352267,
        "quality_score_std": 0.08660254037844381,
        "runs_count": 3
      },
      "Hiking trip clothing advice": {
        "response_time_std": 1.7461052122149707,
        "quality_score_std": 0.0,
        "runs_count": 3
      }
    }
  },
  "prompt_analysis": {
    "I want to do yoga, what should I wear? ": {
      "avg_response_time": 3.966611385345459,
      "avg_quality_score": 0.8500000000000001,
      "response_time_std": 0.13643296719305792,
      "quality_score_std": 0.0,
      "total_runs": 3
    },
    "Restaurant this weekend, attractive for $50": {
      "avg_response_time": 4.070833603541057,
      "avg_quality_score": 0.7333333333333335,
      "response_time_std": 1.126153001303338,
      "quality_score_std": 0.1040832999733066,
      "total_runs": 3
    },
    "I am fat, I want something to look slim": {
      "avg_response_time": 3.073565642038981,
      "avg_quality_score": 0.8500000000000001,
      "response_time_std": 0.4696814439325169,
      "quality_score_std": 0.0,
      "total_runs": 3
    },
    "Business meeting outfit for office": {
      "avg_response_time": 4.457715272903442,
      "avg_quality_score": 0.7500000000000001,
      "response_time_std": 1.23366420585514,
      "quality_score_std": 0.08660254037844381,
      "total_runs": 3
    },
    "Beach vacation clothes for hot weather": {
      "avg_response_time": 2.580384890238444,
      "avg_quality_score": 0.6000000000000001,
      "response_time_std": 0.35827906689586886,
      "quality_score_std": 0.08660254037844395,
      "total_runs": 3
    },
    "First date outfit ideas": {
      "avg_response_time": 36.99071431159973,
      "avg_quality_score": 0.7500000000000001,
      "response_time_std": 57.60392869641806,
      "quality_score_std": 0.08660254037844381,
      "total_runs": 3
    },
    "Gym workout clothes recommendation": {
      "avg_response_time": 4.18605637550354,
      "avg_quality_score": 0.6833333333333335,
      "response_time_std": 1.1613365213991287,
      "quality_score_std": 0.12583057392117922,
      "total_runs": 3
    },
    "Winter formal dress suggestions": {
      "avg_response_time": 3.3984522819519043,
      "avg_quality_score": 0.8000000000000002,
      "response_time_std": 0.35908654652033783,
      "quality_score_std": 0.08660254037844381,
      "total_runs": 3
    },
    "Casual Friday office attire": {
      "avg_response_time": 3.102216958999634,
      "avg_quality_score": 0.8000000000000002,
      "response_time_std": 0.8136067825352267,
      "quality_score_std": 0.08660254037844381,
      "total_runs": 3
    },
    "Hiking trip clothing advice": {
      "avg_response_time": 4.177321990331014,
      "avg_quality_score": 0.7000000000000002,
      "response_time_std": 1.7461052122149707,
      "quality_score_std": 0.0,
      "total_runs": 3
    }
  },
  "error_analysis": {
    "total_errors": 0,
    "error_types": {}
  }
}