{
  "model_name": "qwen3:4b",
  "total_runs": 100,
  "successful_runs": 73,
  "failed_runs": 27,
  "success_rate": 73.0,
  "system_info": {
    "cpu_count": 8,
    "cpu_freq": 3504,
    "total_memory_gb": 16.0,
    "gpu_info": [],
    "python_version": "3.11.9 (v3.11.9:de54cf5be3, Apr  2 2024, 07:12:50) [Clang 13.0.0 (clang-1300.0.29.30)]",
    "benchmark_timestamp": "2025-09-22T13:18:52.476492"
  },
  "performance_metrics": {
    "response_time": {
      "mean": 52.53805536439974,
      "median": 53.56857490539551,
      "std": 5.2543661079900525,
      "min": 37.27886891365051,
      "max": 59.91200399398804,
      "p95": 59.230168390274045,
      "p99": 59.659447536468505
    },
    "tokens_per_second": {
      "mean": 17.122401414222143,
      "median": 16.457860979898594,
      "std": 2.8976512906361234,
      "min": 13.376432921105016,
      "max": 26.363460819491905
    },
    "memory_usage_mb": {
      "mean": 28.11205051369863,
      "median": 27.5546875,
      "std": 5.364898924269475,
      "min": 19.109375,
      "max": 38.5390625
    },
    "cpu_usage_percent": {
      "mean": 0.0,
      "median": 0.0,
      "std": 0.0,
      "min": 0.0,
      "max": 0.0
    }
  },
  "quality_metrics": {
    "quality_score": {
      "mean": 0.6328767123287672,
      "median": 0.65,
      "std": 0.07463763297230001,
      "min": 0.35000000000000003,
      "max": 0.7500000000000001
    },
    "response_length": {
      "mean": 4437.657534246576,
      "median": 4506,
      "std": 284.8616730185841,
      "min": 3770,
      "max": 4988
    }
  },
  "variability_metrics": {
    "overall_response_time_std": 5.2543661079900525,
    "overall_quality_score_std": 0.07463763297230001,
    "prompt_variability": {
      "I want to do yoga, what should I wear?": {
        "response_time_std": 5.178435797881512,
        "quality_score_std": 0.033747427885527675,
        "runs_count": 10
      },
      "Restaurant this weekend, attractive for $50": {
        "response_time_std": 1.9304280869311348,
        "quality_score_std": 0.11547005383792516,
        "runs_count": 10
      },
      "I am fat, I want something to look slim": {
        "response_time_std": 2.992863886401319,
        "quality_score_std": 0.10124228365658297,
        "runs_count": 10
      },
      "Business meeting outfit for office": {
        "response_time_std": 2.4102640115264893,
        "quality_score_std": 0.031622776601683784,
        "runs_count": 10
      },
      "Beach vacation clothes for hot weather": {
        "response_time_std": 2.3672478906123695,
        "quality_score_std": 0.049159604012508754,
        "runs_count": 6
      },
      "First date outfit ideas": {
        "response_time_std": 2.023423100387171,
        "quality_score_std": 0.0,
        "runs_count": 5
      },
      "Gym workout clothes recommendation": {
        "response_time_std": 2.045160631016968,
        "quality_score_std": 0.0,
        "runs_count": 7
      },
      "Winter formal dress suggestions": {
        "response_time_std": 2.179890048560778,
        "quality_score_std": 0.02738612787525833,
        "runs_count": 5
      },
      "Casual Friday office attire": {
        "response_time_std": 2.3273928066708085,
        "quality_score_std": 0.0866025403784439,
        "runs_count": 3
      },
      "Hiking trip clothing advice": {
        "response_time_std": 0.9548633580716746,
        "quality_score_std": 0.05000000000000001,
        "runs_count": 7
      }
    }
  },
  "prompt_analysis": {
    "I want to do yoga, what should I wear?": {
      "avg_response_time": 42.970120906829834,
      "avg_quality_score": 0.685,
      "response_time_std": 5.178435797881512,
      "quality_score_std": 0.033747427885527675,
      "total_runs": 10
    },
    "Restaurant this weekend, attractive for $50": {
      "avg_response_time": 50.195285534858705,
      "avg_quality_score": 0.55,
      "response_time_std": 1.9304280869311348,
      "quality_score_std": 0.11547005383792516,
      "total_runs": 10
    },
    "I am fat, I want something to look slim": {
      "avg_response_time": 51.564962434768674,
      "avg_quality_score": 0.605,
      "response_time_std": 2.992863886401319,
      "quality_score_std": 0.10124228365658297,
      "total_runs": 10
    },
    "Business meeting outfit for office": {
      "avg_response_time": 53.18912193775177,
      "avg_quality_score": 0.64,
      "response_time_std": 2.4102640115264893,
      "quality_score_std": 0.031622776601683784,
      "total_runs": 10
    },
    "Beach vacation clothes for hot weather": {
      "avg_response_time": 54.518848061561584,
      "avg_quality_score": 0.6416666666666667,
      "response_time_std": 2.3672478906123695,
      "quality_score_std": 0.049159604012508754,
      "total_runs": 6
    },
    "First date outfit ideas": {
      "avg_response_time": 56.85837650299072,
      "avg_quality_score": 0.65,
      "response_time_std": 2.023423100387171,
      "quality_score_std": 0.0,
      "total_runs": 5
    },
    "Gym workout clothes recommendation": {
      "avg_response_time": 55.58487500463213,
      "avg_quality_score": 0.65,
      "response_time_std": 2.045160631016968,
      "quality_score_std": 0.0,
      "total_runs": 7
    },
    "Winter formal dress suggestions": {
      "avg_response_time": 56.48614339828491,
      "avg_quality_score": 0.68,
      "response_time_std": 2.179890048560778,
      "quality_score_std": 0.02738612787525833,
      "total_runs": 5
    },
    "Casual Friday office attire": {
      "avg_response_time": 56.45708465576172,
      "avg_quality_score": 0.6,
      "response_time_std": 2.3273928066708085,
      "quality_score_std": 0.0866025403784439,
      "total_runs": 3
    },
    "Hiking trip clothing advice": {
      "avg_response_time": 57.683152369090486,
      "avg_quality_score": 0.65,
      "response_time_std": 0.9548633580716746,
      "quality_score_std": 0.05000000000000001,
      "total_runs": 7
    }
  },
  "error_analysis": {
    "total_errors": 27,
    "error_types": {
      "Unknown error": 27
    }
  }
}